Latest News;Dates
FanDuel Plays and Lineup Strategy: Nov. 23;November 23, 2022
NBA DFS Picks: Yahoo plays & strategy for Nov. 23;November 23, 2022
Yahoo NBA DFS: Players to watch on Nov. 23;November 23, 2022
NBA DraftKings & FanDuel DFS Primer: Nov. 23;November 23, 2022
Black Friday Best Deal Ever;November 23, 2022
Lakers' Davis turns in historic performance;November 23, 2022
Morant (ankle) returns, scores 34 points;November 23, 2022
Miami-Dade wants FTX name removed from Heat arena;November 23, 2022
NBA DraftKings & FanDuel DFS Primer: Nov. 22;November 22, 2022
Yahoo NBA DFS Lineup of the Day: Nov. 22;November 22, 2022
FanDuel Plays and Lineup Strategy: Nov. 22;November 22, 2022
Brown's military upbringing helping resurgent Kings;November 22, 2022
McCollum enters Health and Safety Protocols;16 hours ago
Power Rankings: Jazz, Suns on the rise;November 21, 2022
Kia MVP Ladder: Plenty of changes in Top 5;November 18, 2022
